,Rank_2025,City,State,Population_Estimate_2000,Population_Estimate_2025,Population_Growth_2000_to_2025_Pct,Latitude,Longitude,Population_2000_Source_URL,Population_2025_Source_URL,Coordinates_Source_URL,Slope_HW,Slope_CS
0,1,New York,New York,8017608,8584629,7.07,40.7127837,-74.0059413,https://www2.census.gov/programs-surveys/popest/datasets/2000-2010/intercensal/cities/sub-est00int.csv,https://www2.census.gov/programs-surveys/popest/datasets/2020-2025/cities/totals/sub-est2025.csv,https://gist.github.com/Miserlou/c5cd8364bf9b2420bb29/2bf258763cdddd704f8ffd3ea9a3e81d25e2c6f6,-0.017482517482517484,-0.07867132867132867
1,2,Los Angeles,California,3701062,3869089,4.54,34.0522342,-118.2436849,https://www2.census.gov/programs-surveys/popest/datasets/2000-2010/intercensal/cities/sub-est00int.csv,https://www2.census.gov/programs-surveys/popest/datasets/2020-2025/cities/totals/sub-est2025.csv,https://gist.github.com/Miserlou/c5cd8364bf9b2420bb29/2bf258763cdddd704f8ffd3ea9a3e81d25e2c6f6,1.1232517482517483,-0.05244755244755247
2,3,Chicago,Illinois,2891582,2731585,-5.53,41.8781136,-87.6297982,https://www2.census.gov/programs-surveys/popest/datasets/2000-2010/intercensal/cities/sub-est00int.csv,https://www2.census.gov/programs-surveys/popest/datasets/2020-2025/cities/totals/sub-est2025.csv,https://gist.github.com/Miserlou/c5cd8364bf9b2420bb29/2bf258763cdddd704f8ffd3ea9a3e81d25e2c6f6,0.22290209790209797,-0.1748251748251747
3,4,Houston,Texas,1974324,2397315,21.42,29.7604267,-95.3698028,https://www2.census.gov/programs-surveys/popest/datasets/2000-2010/intercensal/cities/sub-est00int.csv,https://www2.census.gov/programs-surveys/popest/datasets/2020-2025/cities/totals/sub-est2025.csv,https://gist.github.com/Miserlou/c5cd8364bf9b2420bb29/2bf258763cdddd704f8ffd3ea9a3e81d25e2c6f6,0.21853146853146863,-0.19667832167832153
4,5,Phoenix,Arizona,1326682,1665481,25.54,33.4483771,-112.0740373,https://www2.census.gov/programs-surveys/popest/datasets/2000-2010/intercensal/cities/sub-est00int.csv,https://www2.census.gov/programs-surveys/popest/datasets/2020-2025/cities/totals/sub-est2025.csv,https://gist.github.com/Miserlou/c5cd8364bf9b2420bb29/2bf258763cdddd704f8ffd3ea9a3e81d25e2c6f6,0.9134615384615385,0.0
5,6,Philadelphia,Pennsylvania,1514563,1574281,3.94,39.9525839,-75.1652215,https://www2.census.gov/programs-surveys/popest/datasets/2000-2010/intercensal/cities/sub-est00int.csv,https://www2.census.gov/programs-surveys/popest/datasets/2020-2025/cities/totals/sub-est2025.csv,https://gist.github.com/Miserlou/c5cd8364bf9b2420bb29/2bf258763cdddd704f8ffd3ea9a3e81d25e2c6f6,0.07867132867132871,-0.07867132867132867
6,7,San Antonio,Texas,1153843,1548422,34.2,29.4241219,-98.4936282,https://www2.census.gov/programs-surveys/popest/datasets/2000-2010/intercensal/cities/sub-est00int.csv,https://www2.census.gov/programs-surveys/popest/datasets/2020-2025/cities/totals/sub-est2025.csv,https://gist.github.com/Miserlou/c5cd8364bf9b2420bb29/2bf258763cdddd704f8ffd3ea9a3e81d25e2c6f6,0.14860139860139865,-0.2666083916083916
7,8,San Diego,California,1227854,1406106,14.52,32.715738,-117.1610838,https://www2.census.gov/programs-surveys/popest/datasets/2000-2010/intercensal/cities/sub-est00int.csv,https://www2.census.gov/programs-surveys/popest/datasets/2020-2025/cities/totals/sub-est2025.csv,https://gist.github.com/Miserlou/c5cd8364bf9b2420bb29/2bf258763cdddd704f8ffd3ea9a3e81d25e2c6f6,0.44143356643356646,0.026223776223776207
8,9,Dallas,Texas,1188168,1329491,11.89,32.7766642,-96.7969879,https://www2.census.gov/programs-surveys/popest/datasets/2000-2010/intercensal/cities/sub-est00int.csv,https://www2.census.gov/programs-surveys/popest/datasets/2020-2025/cities/totals/sub-est2025.csv,https://gist.github.com/Miserlou/c5cd8364bf9b2420bb29/2bf258763cdddd704f8ffd3ea9a3e81d25e2c6f6,-0.03933566433566432,-0.14860139860139868
9,10,Fort Worth,Texas,547484,1028117,87.79,32.7554883,-97.3307658,https://www2.census.gov/programs-surveys/popest/datasets/2000-2010/intercensal/cities/sub-est00int.csv,https://www2.census.gov/programs-surveys/popest/datasets/2020-2025/cities/totals/sub-est2025.csv,https://gist.github.com/Miserlou/c5cd8364bf9b2420bb29/2bf258763cdddd704f8ffd3ea9a3e81d25e2c6f6,-0.340909090909091,-0.07430069930069934
10,11,Jacksonville,Florida,736076,1017689,38.26,30.3321838,-81.655651,https://www2.census.gov/programs-surveys/popest/datasets/2000-2010/intercensal/cities/sub-est00int.csv,https://www2.census.gov/programs-surveys/popest/datasets/2020-2025/cities/totals/sub-est2025.csv,https://gist.github.com/Miserlou/c5cd8364bf9b2420bb29/2bf258763cdddd704f8ffd3ea9a3e81d25e2c6f6,-0.4632867132867134,0.0
11,12,Austin,Texas,675775,1002632,48.37,30.267153,-97.7430608,https://www2.census.gov/programs-surveys/popest/datasets/2000-2010/intercensal/cities/sub-est00int.csv,https://www2.census.gov/programs-surveys/popest/datasets/2020-2025/cities/totals/sub-est2025.csv,https://gist.github.com/Miserlou/c5cd8364bf9b2420bb29/2bf258763cdddd704f8ffd3ea9a3e81d25e2c6f6,0.14860139860139865,-0.2666083916083916
12,13,San Jose,California,904839,989814,9.39,37.3382082,-121.8863286,https://www2.census.gov/programs-surveys/popest/datasets/2000-2010/intercensal/cities/sub-est00int.csv,https://www2.census.gov/programs-surveys/popest/datasets/2020-2025/cities/totals/sub-est2025.csv,https://gist.github.com/Miserlou/c5cd8364bf9b2420bb29/2bf258763cdddd704f8ffd3ea9a3e81d25e2c6f6,1.0708041958041958,1.4557120078127053e-18
13,14,Charlotte,North Carolina,577676,964784,67.01,35.2270869,-80.8431267,https://www2.census.gov/programs-surveys/popest/datasets/2000-2010/intercensal/cities/sub-est00int.csv,https://www2.census.gov/programs-surveys/popest/datasets/2020-2025/cities/totals/sub-est2025.csv,https://gist.github.com/Miserlou/c5cd8364bf9b2420bb29/2bf258763cdddd704f8ffd3ea9a3e81d25e2c6f6,0.2622377622377622,0.0
14,15,Columbus,Ohio,714905,938396,31.26,39.9611755,-82.9987942,https://www2.census.gov/programs-surveys/popest/datasets/2000-2010/intercensal/cities/sub-est00int.csv,https://www2.census.gov/programs-surveys/popest/datasets/2020-2025/cities/totals/sub-est2025.csv,https://gist.github.com/Miserlou/c5cd8364bf9b2420bb29/2bf258763cdddd704f8ffd3ea9a3e81d25e2c6f6,0.39772727272727276,-0.030594405594405592
15,16,Indianapolis,Indiana,782760,901116,15.12,39.768403,-86.158068,https://www2.census.gov/programs-surveys/popest/datasets/2000-2010/intercensal/cities/sub-est00int.csv,https://www2.census.gov/programs-surveys/popest/datasets/2020-2025/cities/totals/sub-est2025.csv,https://gist.github.com/Miserlou/c5cd8364bf9b2420bb29/2bf258763cdddd704f8ffd3ea9a3e81d25e2c6f6,0.10926573426573427,0.008741258741258749
16,17,San Francisco,California,777885,826079,6.2,37.7749295,-122.4194155,https://www2.census.gov/programs-surveys/popest/datasets/2000-2010/intercensal/cities/sub-est00int.csv,https://www2.census.gov/programs-surveys/popest/datasets/2020-2025/cities/totals/sub-est2025.csv,https://gist.github.com/Miserlou/c5cd8364bf9b2420bb29/2bf258763cdddd704f8ffd3ea9a3e81d25e2c6f6,0.8697552447552449,0.04807692307692308
17,18,Seattle,Washington,563434,784777,39.28,47.6062095,-122.3320708,https://www2.census.gov/programs-surveys/popest/datasets/2000-2010/intercensal/cities/sub-est00int.csv,https://www2.census.gov/programs-surveys/popest/datasets/2020-2025/cities/totals/sub-est2025.csv,https://gist.github.com/Miserlou/c5cd8364bf9b2420bb29/2bf258763cdddd704f8ffd3ea9a3e81d25e2c6f6,0.6424825174825175,-0.1398601398601398
18,19,Denver,Colorado,555651,740613,33.29,39.7392358,-104.990251,https://www2.census.gov/programs-surveys/popest/datasets/2000-2010/intercensal/cities/sub-est00int.csv,https://www2.census.gov/programs-surveys/popest/datasets/2020-2025/cities/totals/sub-est2025.csv,https://gist.github.com/Miserlou/c5cd8364bf9b2420bb29/2bf258763cdddd704f8ffd3ea9a3e81d25e2c6f6,0.5244755244755244,0.0
19,20,Nashville-Davidson,Tennessee,546180,721074,32.02,36.1626638,-86.7816016,https://www2.census.gov/programs-surveys/popest/datasets/2000-2010/intercensal/cities/sub-est00int.csv,https://www2.census.gov/programs-surveys/popest/datasets/2020-2025/cities/totals/sub-est2025.csv,https://gist.github.com/Miserlou/c5cd8364bf9b2420bb29/2bf258763cdddd704f8ffd3ea9a3e81d25e2c6f6,-0.2534965034965035,-0.11800699300699308
20,21,Oklahoma City,Oklahoma,507011,719849,41.98,35.4675602,-97.5164276,https://www2.census.gov/programs-surveys/popest/datasets/2000-2010/intercensal/cities/sub-est00int.csv,https://www2.census.gov/programs-surveys/popest/datasets/2020-2025/cities/totals/sub-est2025.csv,https://gist.github.com/Miserlou/c5cd8364bf9b2420bb29/2bf258763cdddd704f8ffd3ea9a3e81d25e2c6f6,-0.017482517482517453,-0.14860139860139868
21,22,Washington,District of Columbia,572046,693645,21.26,38.9071923,-77.0368707,https://www2.census.gov/programs-surveys/popest/datasets/2000-2010/intercensal/cities/sub-est00int.csv,https://www2.census.gov/programs-surveys/popest/datasets/2020-2025/cities/totals/sub-est2025.csv,https://gist.github.com/Miserlou/c5cd8364bf9b2420bb29/2bf258763cdddd704f8ffd3ea9a3e81d25e2c6f6,0.16171328671328677,-0.07867132867132867
22,23,El Paso,Texas,568224,683012,20.2,31.7775757,-106.4424559,https://www2.census.gov/programs-surveys/popest/datasets/2000-2010/intercensal/cities/sub-est00int.csv,https://www2.census.gov/programs-surveys/popest/datasets/2020-2025/cities/totals/sub-est2025.csv,https://gist.github.com/Miserlou/c5cd8364bf9b2420bb29/2bf258763cdddd704f8ffd3ea9a3e81d25e2c6f6,0.8216783216783217,-0.118006993006993
23,24,Las Vegas,Nevada,483954,679817,40.47,36.1699412,-115.1398296,https://www2.census.gov/programs-surveys/popest/datasets/2000-2010/intercensal/cities/sub-est00int.csv,https://www2.census.gov/programs-surveys/popest/datasets/2020-2025/cities/totals/sub-est2025.csv,https://gist.github.com/Miserlou/c5cd8364bf9b2420bb29/2bf258763cdddd704f8ffd3ea9a3e81d25e2c6f6,0.8129370629370629,0.039335664335664336
24,25,Boston,Massachusetts,591844,672973,13.71,42.3600825,-71.0588801,https://www2.census.gov/programs-surveys/popest/datasets/2000-2010/intercensal/cities/sub-est00int.csv,https://www2.census.gov/programs-surveys/popest/datasets/2020-2025/cities/totals/sub-est2025.csv,https://gist.github.com/Miserlou/c5cd8364bf9b2420bb29/2bf258763cdddd704f8ffd3ea9a3e81d25e2c6f6,-0.013111888111888112,0.0
25,26,Detroit,Michigan,946240,649095,-31.4,42.331427,-83.0457538,https://www2.census.gov/programs-surveys/popest/datasets/2000-2010/intercensal/cities/sub-est00int.csv,https://www2.census.gov/programs-surveys/popest/datasets/2020-2025/cities/totals/sub-est2025.csv,https://gist.github.com/Miserlou/c5cd8364bf9b2420bb29/2bf258763cdddd704f8ffd3ea9a3e81d25e2c6f6,0.2840909090909091,-0.118006993006993
26,27,Louisville/Jefferson County,Kentucky,554619,641962,15.75,38.2526647,-85.7584557,https://www2.census.gov/programs-surveys/popest/datasets/2000-2010/intercensal/cities/sub-est00int.csv,https://www2.census.gov/programs-surveys/popest/datasets/2020-2025/cities/totals/sub-est2025.csv,https://gist.github.com/Miserlou/c5cd8364bf9b2420bb29/2bf258763cdddd704f8ffd3ea9a3e81d25e2c6f6,0.0437062937062937,-0.11800699300699308
27,28,Portland,Oregon,529845,635109,19.87,45.5230622,-122.6764816,https://www2.census.gov/programs-surveys/popest/datasets/2000-2010/intercensal/cities/sub-est00int.csv,https://www2.census.gov/programs-surveys/popest/datasets/2020-2025/cities/totals/sub-est2025.csv,https://gist.github.com/Miserlou/c5cd8364bf9b2420bb29/2bf258763cdddd704f8ffd3ea9a3e81d25e2c6f6,0.152972027972028,0.1354895104895105
28,29,Memphis,Tennessee,688137,609647,-11.41,35.1495343,-90.0489801,https://www2.census.gov/programs-surveys/popest/datasets/2000-2010/intercensal/cities/sub-est00int.csv,https://www2.census.gov/programs-surveys/popest/datasets/2020-2025/cities/totals/sub-est2025.csv,https://gist.github.com/Miserlou/c5cd8364bf9b2420bb29/2bf258763cdddd704f8ffd3ea9a3e81d25e2c6f6,-0.0874125874125874,-0.23164335664335664
29,30,Baltimore,Maryland,649086,569997,-12.18,39.2903848,-76.6121893,https://www2.census.gov/programs-surveys/popest/datasets/2000-2010/intercensal/cities/sub-est00int.csv,https://www2.census.gov/programs-surveys/popest/datasets/2020-2025/cities/totals/sub-est2025.csv,https://gist.github.com/Miserlou/c5cd8364bf9b2420bb29/2bf258763cdddd704f8ffd3ea9a3e81d25e2c6f6,0.07867132867132871,-0.07867132867132867
